{"cameraMode":{"drawMode":0,"name":"Shaded","section":"Shading Mode"},"sceneLighting":true,"audioPlay":false,"sceneViewState":{"showFog":true,"showMaterialUpdate":false,"showSkybox":true,"showFlares":true,"showImageEffects":true,"showParticleSystems":true},"in2DMode":false,"pivot":{"x":19.62816619873047,"y":10.411270141601563,"z":-78.7037582397461},"rotation":{"x":-0.03898802772164345,"y":-0.9454812407493591,"z":0.12449894100427628,"w":-0.29898548126220705},"size":128.61746215820313,"orthographic":false}